Matrix,Tolerance,Method,Iterations,ExecutionTime,RelativeError,RelativeResidual
spa1,1.000000e-04,Jacobi,115,0.098000,1.771281e-03,9.477087e-05
spa1,1.000000e-04,Gauss-Seidel,9,0.012000,1.820594e-02,7.794439e-05
spa1,1.000000e-04,Gradient,143,0.085000,3.457470e-02,9.909687e-05
spa1,1.000000e-04,Conjugate Gradient,49,0.029000,2.078976e-02,9.777927e-05
spa1,1.000000e-06,Jacobi,181,0.148000,1.797930e-05,9.619667e-07
spa1,1.000000e-06,Gauss-Seidel,17,0.016000,1.299694e-04,5.578762e-07
spa1,1.000000e-06,Gradient,3577,1.985000,9.680457e-04,9.980891e-07
spa1,1.000000e-06,Conjugate Gradient,134,0.077000,2.552909e-05,9.741976e-07
spa1,1.000000e-08,Jacobi,247,0.170000,1.824979e-07,9.764392e-09
spa1,1.000000e-08,Gauss-Seidel,24,0.017000,1.709733e-06,7.340378e-09
spa1,1.000000e-08,Gradient,8233,3.307000,9.816364e-06,9.992014e-09
spa1,1.000000e-08,Conjugate Gradient,177,0.068000,1.319840e-07,9.032750e-09
spa1,1.000000e-10,Jacobi,313,0.197000,1.852438e-09,9.911296e-11
spa1,1.000000e-10,Gauss-Seidel,31,0.017000,2.248088e-08,9.651868e-11
spa1,1.000000e-10,Gradient,12919,4.897000,9.820386e-08,9.989995e-11
spa1,1.000000e-10,Conjugate Gradient,200,0.077000,1.203110e-09,7.943592e-11
spa2,1.000000e-04,Jacobi,36,0.159000,1.766247e-03,9.536882e-05
spa2,1.000000e-04,Gauss-Seidel,5,0.024000,2.598896e-03,4.140795e-05
spa2,1.000000e-04,Gradient,161,0.539000,1.812965e-02,9.900952e-05
spa2,1.000000e-04,Conjugate Gradient,42,0.146000,9.821128e-03,9.913569e-05
spa2,1.000000e-06,Jacobi,57,0.252000,1.666756e-05,8.999682e-07
spa2,1.000000e-06,Gauss-Seidel,8,0.039000,5.141641e-05,7.847283e-07
spa2,1.000000e-06,Gradient,1949,6.625000,6.694229e-04,9.992371e-07
spa2,1.000000e-06,Conjugate Gradient,122,0.410000,1.197985e-04,9.089860e-07
spa2,1.000000e-08,Jacobi,78,0.345000,1.572870e-07,8.492741e-09
spa2,1.000000e-08,Gauss-Seidel,12,0.058000,2.794322e-07,4.270971e-09
spa2,1.000000e-08,Gradient,5087,16.937000,6.865240e-06,9.978003e-09
spa2,1.000000e-08,Conjugate Gradient,196,0.657000,5.586661e-07,9.598945e-09
spa2,1.000000e-10,Jacobi,99,0.435000,1.484272e-09,8.014354e-11
spa2,1.000000e-10,Gauss-Seidel,15,0.073000,5.570740e-09,8.522257e-11
spa2,1.000000e-10,Gradient,8285,27.559000,6.937814e-08,9.986450e-11
spa2,1.000000e-10,Conjugate Gradient,240,0.801000,5.324229e-09,9.823495e-11
vem1,1.000000e-04,Jacobi,1314,0.065000,3.540381e-03,9.994037e-05
vem1,1.000000e-04,Gauss-Seidel,659,0.055000,3.506973e-03,9.932693e-05
vem1,1.000000e-04,Gradient,890,0.032000,2.704572e-03,9.933908e-05
vem1,1.000000e-04,Conjugate Gradient,38,0.001000,4.082793e-05,7.111298e-05
vem1,1.000000e-06,Jacobi,2433,0.125000,3.540073e-05,9.993169e-07
vem1,1.000000e-06,Gauss-Seidel,1218,0.066000,3.526697e-05,9.988613e-07
vem1,1.000000e-06,Gradient,1612,0.059000,2.713339e-05,9.966785e-07
vem1,1.000000e-06,Conjugate Gradient,45,0.001000,3.732340e-07,8.901350e-07
vem1,1.000000e-08,Jacobi,3552,0.170000,3.539766e-07,9.992301e-09
vem1,1.000000e-08,Gauss-Seidel,1778,0.099000,3.517457e-07,9.962444e-09
vem1,1.000000e-08,Gradient,2336,0.089000,2.695337e-07,9.900828e-09
vem1,1.000000e-08,Conjugate Gradient,53,0.002000,2.831873e-09,7.801328e-09
vem1,1.000000e-10,Jacobi,4671,0.229000,3.539456e-09,9.991436e-11
vem1,1.000000e-10,Gauss-Seidel,2338,0.124000,3.508239e-09,9.936342e-11
vem1,1.000000e-10,Gradient,3058,0.111000,2.713163e-09,9.966356e-11
vem1,1.000000e-10,Conjugate Gradient,59,0.002000,2.191750e-11,6.908673e-11
vem2,1.000000e-04,Jacobi,1927,0.145000,4.968461e-03,9.992151e-05
vem2,1.000000e-04,Gauss-Seidel,965,0.083000,4.951189e-03,9.978732e-05
vem2,1.000000e-04,Gradient,1308,0.097000,3.811930e-03,9.976142e-05
vem2,1.000000e-04,Conjugate Gradient,47,0.003000,5.729017e-05,9.188121e-05
vem2,1.000000e-06,Jacobi,3676,0.277000,4.967034e-05,9.989281e-07
vem2,1.000000e-06,Gauss-Seidel,1840,0.155000,4.941761e-05,9.959791e-07
vem2,1.000000e-06,Gradient,2438,0.138000,3.791419e-05,9.922897e-07
vem2,1.000000e-06,Conjugate Gradient,56,0.003000,4.742996e-07,8.540010e-07
vem2,1.000000e-08,Jacobi,5425,0.411000,4.965608e-07,9.986412e-09
vem2,1.000000e-08,Gauss-Seidel,2714,0.229000,4.958370e-07,9.993265e-09
vem2,1.000000e-08,Gradient,3566,0.201000,3.809851e-07,9.971275e-09
vem2,1.000000e-08,Conjugate Gradient,66,0.004000,4.299983e-09,8.597237e-09
vem2,1.000000e-10,Jacobi,7174,0.545000,4.964181e-09,9.983542e-11
vem2,1.000000e-10,Gauss-Seidel,3589,0.302000,4.948907e-09,9.974195e-11
vem2,1.000000e-10,Gradient,4696,0.264000,3.798766e-09,9.942289e-11
vem2,1.000000e-10,Conjugate Gradient,74,0.005000,2.247621e-11,5.901494e-11
